Nicho;Empresa;Telefone;Endereço;Cidade
Salão de Beleza;Studio 217 Beleza, Estética e Saúde;Sem telefone;Endereço não encontrado;são bernardo do campo
Salão de Beleza;Salão de Beleza - Le Ville;(11) 94968-1402;R. Marcelino Augustinho Batistini, 13 - Dos Casa, São Bernardo do Campo - SP, 09850-050;são bernardo do campo
Contabilidade;Escritório de contabilidade em São Bernardo do Campo no ABC - Dinelly;(11) 4330-1200;R. Mediterrâneo, 385 - Jardim do Mar, São Bernardo do Campo - SP, 09750-420;são bernardo do campo
Contabilidade;PROCONT CONTABILIDADE;(11) 2381-8706;Rua Álvaro Alvim, 707 - Paulicéia, São Bernardo do Campo - SP, 09693-000;são bernardo do campo
Contabilidade;Hive GE - Contabilidade e Gestão Empresarial;(11) 98282-1976;R. José Versolato, 111 - Bloco B - Sala 3311 - São Bernardo do Campo, SP, 09750-730;são bernardo do campo
Clínicas de Estética;Clinica Madrid - São Bernardo do Campo;(11) 91372-7832;Rua Municipal, 255 - Centro, São Bernardo do Campo - SP, 09710-211;são bernardo do campo
Lojas de Roupa;Baba Moça - Loja de Roupas, Boutique Feminina & Loja de Moda Feminina;(11) 4332-7284;Av. Sen. Fláquer, 580 - Vila Euclides, São Bernardo do Campo - SP, 09725-442;são bernardo do campo
Barbearias;Barbearia Dom Jóra - Barbearia Oldschool de São Bernardo do Campo;(11) 99201-7808;R. Anita Franchini, 301 - Santa Terezinha, São Bernardo do Campo - SP, 09715-270;são bernardo do campo
Pizzarias;Santo Disco Pizzaria;(11) 2564-8257;R. Carlos Gomes, 314 - Centro, São Bernardo do Campo - SP, 09715-130;são bernardo do campo
Farmácias;Drogasil;(11) 93266-6531;R. Mal. Deodoro, 817 - Centro, São Bernardo do Campo - SP, 09710-011;são bernardo do campo
Floriculturas;Floricultura Alanis Flores;(11) 94266-3749;Floricultura Alanis Flores - Alameda Dona Tereza Cristina, 720 - Nova Petrópolis, São Bernardo do Campo - SP, 09770-330;são bernardo do campo
Floriculturas;Floricultura Capri SBC;(11) 98535-2849;Box 4 - Ac. Praça da Saudade - Jardim do Mar, São Bernardo do Campo - SP, 09726-140;são bernardo do campo
Materiais de Construção;Joli Materiais Para Construção - São Bernardo;(11) 2955-1000;Av. João Firmino, 81 - Assunção, São Bernardo do Campo - SP, 09810-260;são bernardo do campo
Auto Peças;Auto Peças Castelo Branco;(11) 94212-2377;Av. Humberto de Alencar Castelo Branco, 3954 - 3960/3966 - Assunção, São Bernardo do Campo - SP, 09850-300;são bernardo do campo
Supermercados;Barbosa Supermercado 24h;(11) 4390-3224;Av. Piraporinha, 837 - Planalto, São Bernardo do Campo - SP, 09891-001;são bernardo do campo
Padarias;Bella Assunção - Casa de Pães;(11) 4109-5542;R. Cristiano Angeli, 1458 - Assunção, São Bernardo do Campo - SP, 09812-600;são bernardo do campo
Veterinários;Centro Veterinário Assunção - 24h;(11) 4351-4281;R. Ana Maria Martinez, 180 - Assunção, São Bernardo do Campo - SP, 09811-000;são bernardo do campo
Veterinários;Vetplace SBC;(11) 2374-5842;R. Vera Cruz, 791 - Anchieta, São Bernardo do Campo - SP, 09608-100;são bernardo do campo
Veterinários;Amigos de Patas Clínica Veterinária;(11) 2833-2450;Alameda Dona Tereza Cristina, 539 - Nova Petrópolis, São Bernardo do Campo - SP, 09770-330;são bernardo do campo
Veterinários;Clínica Veterinária Entrebichos;(11) 2833-2777;Av. Gen. Barreto de Menezes, 520 - Ferrazópolis, São Bernardo do Campo - SP, 09791-150;são bernardo do campo
Depósitos de Construção;LUA NOVA - São Bernardo do Campo - SP - unidade 2;(11) 4343-6299;Av. Humberto de Alencar Castelo Branco, 2268 - Assunção, São Bernardo do Campo - SP, 09850-300;são bernardo do campo
Escolas;Escola Vereda São Bernardo do Campo;(11) 4972-7350;R. Odeon, 150 - Vila Alcantara, São Bernardo do Campo - SP, 09720-290;são bernardo do campo
Escolas;Colégio CAMP;(11) 4344-2300;Av. Robert Kennedy, 2950 - Assunção, São Bernardo do Campo - SP, 09860-214;são bernardo do campo
Escolas;Escola CEAC - Centro Educacional AConchego;(11) 4351-2472;R. Dr. Antônio Jorge Franco, 135 - Assunção, São Bernardo do Campo - SP, 09810-050;são bernardo do campo
Escolas;Escola Estadual 20 de Agosto;(11) 4332-2469;R. Armando Sales de Oliveira, 123 - Centro, São Bernardo do Campo - SP, 09715-390;são bernardo do campo
Lojas de Informática;DELTRONIC INFORMÁTICA;(11) 4338-0632;R. Tiradentes, 1726 - Loja 04 - Santa Terezinha, São Bernardo do Campo - SP, 09781-220;são bernardo do campo
Concessionárias;Chevrolet Viamar São Bernardo do Campo;(11) 4122-7000;Av. Pereira Barreto, 1380 - Baeta Neves, São Bernardo do Campo - SP, 09751-160;são bernardo do campo
Hotéis;Pampas Palace Hotel;(11) 4122-2000;Av. Barão de Mauá, 71 - Jardim Chácara Inglesa, São Bernardo do Campo - SP, 09726-000;são bernardo do campo
Clínicas Médicas;Clínica Pró Saúde;(11) 4330-6013;Av. Índico, 746 - Jardim do Mar, São Bernardo do Campo - SP, 09750-601;são bernardo do campo
Clínicas Médicas;Cemesb-Centro Médico São Bernardo S/C Ltda;(11) 2758-4657;Av. Índico, 30 - Centro, São Bernardo do Campo - SP, 09750-600;são bernardo do campo
Clínicas Médicas;CLÍNICA AMALFI | São Bernardo Campo;(11) 4121-2600;R. Jurubatuba, 845 - Centro, São Bernardo do Campo - SP, 09725-210;são bernardo do campo
Laboratórios;Laboratório Fleury São Bernardo do Campo;(11) 3179-0822;Av. Lucas Nogueira Garcez, 709 - Centro, São Bernardo do Campo - SP, 09750-660;são bernardo do campo
Laboratórios;a+ Medicina Diagnóstica São Bernardo Prestes Maia: Laboratório, Exames, Vacinas;(11) 3139-8000;Av. Francisco Prestes Maia, 957 - Loja 03 - Térreo - Centro, São Bernardo do Campo - SP, 09770-000;são bernardo do campo
Laboratórios;Biofast Plus - São Bernardo do Campo;(11) 94541-3845;R. Mármará, 239 - Jardim do Mar, São Bernardo do Campo - SP, 09750-720;são bernardo do campo
Laboratórios;Clinitox Medicina Diagnóstica - Exame Toxicológico;(11) 2355-0331;R. Frei Gaspar, 555 - Centro, São Bernardo do Campo - SP, 09720-440;são bernardo do campo
Laboratórios;Lúmen Centro de Diagnósticos;(11) 4126-4444;R. Américo Brasiliense, 628 - Centro, São Bernardo do Campo - SP, 09715-021;são bernardo do campo
Laboratórios;TECNOLAB Medicina Diagnóstica;(11) 2824-3200;Av. Senador Vergueiro, 4070 - Rudge Ramos, São Bernardo do Campo - SP, 09603-000;são bernardo do campo
Laboratórios;SGS - Brazil - São Bernardo Do Campo;(11) 4125-3263;R. Guilherme, 127 - Vila Cacilda, São Bernardo do Campo - SP, 09891-370;são bernardo do campo
Laboratórios;a+ Medicina Diagnóstica Jardim: Laboratório, Exames, Vacinas, Santo André;3003-2686;Av. Fábio Eduardo Ramos Esquivel, 269 - Centro, Diadema - SP, 09920-575;são bernardo do campo
Despachantes;WExpress Despachante | Sao Bernardo do Campo;(11) 4330-0009;Av. Senador Vergueiro, 751 - Centro, São Bernardo do Campo - SP, 09750-000;são bernardo do campo
Despachantes;Despachante Cestari;(11) 93496-1074;Escritório 2 - Av. Cap. Casa, 1173 - Vila Jerusalem, São Bernardo do Campo - SP, 09812-000;são bernardo do campo
Despachantes;FL Despachante | Despachante São Bernardo do Campo;(11) 4390-7922;R. Benedito Conrado Filho, 397 - Jardim Beatriz, São Bernardo do Campo - SP, 09895-110;são bernardo do campo
Despachantes;Despachante N.S. Aparecida;(11) 95959-1425;Estr. dos Casa, 3737 - Bairro dos Casas, São Bernardo do Campo - SP, 09840-000;são bernardo do campo
Despachantes;Lumma Despachante;(11) 2356-1997;Av. Robert Kennedy, 3413 - Assunção, São Bernardo do Campo - SP, 09860-215;são bernardo do campo
Despachantes;Despachante Dom Pedro;(11) 4339-1690;R. dos Vianas, 2047 - Baeta Neves, São Bernardo do Campo - SP, 09760-510;são bernardo do campo
Despachantes;FAST Despachante | Especializado em desbloqueio de veículo média monta;(11) 2356-3650;R. Afonsina, 73 - Rudge Ramos, São Bernardo do Campo - SP, 09633-000;são bernardo do campo
Despachantes;GiBA Despachante;(11) 96579-8089;Av. Sara Zírlis, 222 - Vila Lutécia, Santo André - SP, 09130-220;são bernardo do campo
Despachantes;Despachante Mango;(11) 94787-9997;R. Maria Eulália Barreto, n° 322 - Vila Euclides, São Bernardo do Campo - SP, 09725-529;são bernardo do campo
Seguradoras;Corretora de Seguros em São Bernardo - Ritual Corretora;(11) 94734-3499;R. Jurubatuba, 1350 - Vila Lusitania, São Bernardo do Campo - SP, 09725-000;são bernardo do campo
Seguradoras;Seguralta São Bernardo do Campo;(11) 4991-6626;Edifício Jurubatuba Empresarial - R. Jurubatuba, 1350 - salas 1208/1209 - Centro, São Bernardo do Campo - SP, 09725-000;são bernardo do campo
Seguradoras;Fabrica de Seguros;(11) 4125-4185;Av. Getúlio Vargas, 582 - Baeta Neves, São Bernardo do Campo - SP, 09751-250;são bernardo do campo
Seguradoras;Vila Chã Corretora de Seguros e Planos de Saúde;(11) 98840-7074;R. Atlântica, Nº585 - SALA 20 - Jardim do Mar, São Bernardo do Campo - SP, 09750-480;são bernardo do campo
Gráficas;Gráfica Rápida 3N;(11) 94555-1012;R. Mal. Deodoro, 1564 - Sala 04 - Centro, São Bernardo do Campo - SP, 09710-200;são bernardo do campo
Gráficas;J2 Soluções Gráficas - Matriz;(11) 99532-5886;Avenida Brigadeiro Faria Lima, 1257 - Loja 09, Corredor, G3 - Centro, São Bernardo do Campo - SP, 09720-010;são bernardo do campo
Gráficas;Grafica gibin;(11) 4339-1244;R. Leila Gonçalves, 241 - Vila Goncalves, São Bernardo do Campo - SP, 09725-050;são bernardo do campo
Gráficas;Copiadora São Bernardo;(11) 4330-3910;R. Mal. Deodoro, 1052 - Primeiro Andar - Centro, São Bernardo do Campo - SP, 09710-001;são bernardo do campo
Gráficas;Mix Print Embalagens;(11) 4127-0077;R. Teresina Capitâneo Fantinati, 529 - Jardim Colonial, São Bernardo do Campo - SP, 09861-600;são bernardo do campo
Gráficas;SOU Gráfica;(11) 4123-0455;R. Luzitânia, 306 - Vila Lusitania, São Bernardo do Campo - SP, 09725-150;são bernardo do campo
Gráficas;Nil Arts Comunicação Visual;(11) 4392-3344;Av. Moinho Fabrini, 1101 - Jardim Vera Cruz, São Bernardo do Campo - SP, 09862-000;são bernardo do campo
Gráficas;Grupo VLS Print Solution;(11) 2534-8369;Rua Jacquey, 62 - Rudge Ramos, São Bernardo do Campo - SP, 09634-000;são bernardo do campo
Gráficas;Poleo Gráfica;(11) 4368-7122;Rua Ida Leone Cleto, 150 - Rudge Ramos, São Bernardo do Campo - SP, 09632-000;são bernardo do campo
Gráficas;Gráfica KGM;(11) 3340-6800;R. Filomena Bitolo, 141 - Vila Santa Filomena, São Bernardo do Campo - SP, 09640-020;são bernardo do campo
Gráficas;graficarapida;(11) 4103-4373;Av. Senador Vergueiro, 2123 / Condomínio Marco Zero, Loja-05 - Jardim Anchieta, São Bernardo do Campo - SP, 09750-001;são bernardo do campo
Gráficas;Gráfica Impressão Afigrafe;(11) 97369-0292;R. Djalma Dutra, 87 - Centro, São Bernardo do Campo - SP, 09725-445;são bernardo do campo
Gráficas;Grafica Rápida;(11) 4351-2200;R. Padre Antônio de Souza Lima, 126 - Jardim Via Anchieta, São Bernardo do Campo - SP, 09810-170;são bernardo do campo
Gráficas;Euro Design - Gráfica e Comunicação visual;(11) 4330-9972;R. Bauru, 269 - Baeta Neves, São Bernardo do Campo - SP, 09751-440;são bernardo do campo
Marcenarias;MSB Marcenaria e Carpintaria,;(11) 96180-4356;R. Martins Pena, 106 - Demarchi, São Bernardo do Campo - SP, 09811-435;são bernardo do campo
Marcenarias;Lucania Prime Marcenaria;(11) 99949-9801;R. Cristiano Angeli, 419 - Assunção, São Bernardo do Campo - SP, 09810-555;são bernardo do campo
Vidraçarias;Jato Vidraçaria;(11) 94735-1871;Av. Luiz Pequini, 1681 - Santa Terezinha, São Bernardo do Campo - SP, 09780-250;são bernardo do campo
Vidraçarias;Tomé Vidros;(11) 97011-8314;R. José de Alencar, 72 - Planalto, São Bernardo do Campo - SP, 09896-200;são bernardo do campo
Vidraçarias;Vidraçaria Cristal 2;(11) 96414-7405;R. Benedito Massaroppi, 356 - Jardim Lavinia, São Bernardo do Campo - SP, 09812-050;são bernardo do campo
Vidraçarias;VETROHOUSE VIDRAÇARIA;(11) 4109-5651;R. dos Baobás, 34 - Bairro dos Casa, São Bernardo do Campo - SP, 09840-340;são bernardo do campo
Vidraçarias;Vidratta Soluções em Vidros;(11) 98847-4979;R. Giacinto Tognato, 17154 - Baeta Neves, São Bernardo do Campo - SP, 09760-372;são bernardo do campo
Vidraçarias;Arte Vidros e Coberturas;(11) 4317-0557;R. Carlos Copeinski, 568 - Bairro dos Casa, São Bernardo do Campo - SP, 09840-480;são bernardo do campo
Serralherias;Serralheria SBC I Portões automáticos no ABC;(11) 4341-5264;Av. Piraporinha, 300 - Planalto, São Bernardo do Campo - SP, 09891-000;são bernardo do campo
Serralherias;Serralheria Jovem 4 - São Bernardo do Campo/SP;(11) 98634-9001;Av Nelson Mandela, 451 - Vila Sao Pedro, São Bernardo do Campo - SP, 09784-105;são bernardo do campo
Serralherias;J.O Serralharia;(11) 4334-1730;R. do Oleoduto, 150 - Montanhão, São Bernardo do Campo - SP, 09784-145;são bernardo do campo
Serralherias;LSS METÁLICOS;(11) 96979-6543;Av. Dom Pedro de Alcântara, 30 - Montanhão, São Bernardo do Campo - SP, 09784-000;são bernardo do campo
Lojas de Móveis;Móveis Paulicéia;(11) 4178-6967;R. M.m.d.c., 656 - Paulicéia, São Bernardo do Campo - SP, 09690-000;são bernardo do campo
