Nicho;Empresa;Telefone;Endereço;Cidade
Restaurantes;Tia Yoko;(14) 3491-4115;Rua Guaicurus, 138 - Centro, Tupã - SP, 17601-190;tupã
Oficinas Mecânicas;Oficina Mecanica Brau;(14) 3496-8144;R. Marília, 3490 - Vila Santa Inez, Tupã - SP, 17603-410;tupã
Oficinas Mecânicas;Almeida'S Car Oficina Mecânica;(14) 99756-7325;R. Marília, 3250 - Vila Santa Inez, Tupã - SP, 17602-022;tupã
Oficinas Mecânicas;Oficina Mecânica Cavalcante;(14) 3491-1133;R. Guaranis, 244 - Centro, Tupã - SP;tupã
Oficinas Mecânicas;Conserauto Oficina Mecânica;(14) 3441-3500;Av. Lélio Pizza, 1785 - Vila Tupa Mirim I, Tupã - SP, 17603-060;tupã
Oficinas Mecânicas;Km Módulos;(14) 99757-9196;R. Júlio Dualibi, 540 - Jardim Maraba, Tupã - SP, 17602-413;tupã
Oficinas Mecânicas;Auto Mecânica Ipiranga;Sem telefone;R. Marília, 3240 - Vila Santa Inez, Tupã - SP, 17603-340;tupã
Oficinas Mecânicas;Tecnocar Mecânica e Auto Peças;(14) 3441-3249;R. Comerciante José da Motta, 15A - Vila Independencia, Tupã - SP, 17605-400;tupã
Oficinas Mecânicas;D'LUKA oficina mecânica;(14) 99843-0883;R. Décio de Almeida Morães - Vila Marajoara, Tupã - SP, 17602-360;tupã
Oficinas Mecânicas;Auto Mecânica Meca Peças;(14) 3441-3311;R. José Enrique Ari Fernandes, 2365 - Vila Industrial, Tupã - SP, 17604-170;tupã
Oficinas Mecânicas;Oficina Do Pelego;(14) 3441-2288;Av. Arthur Fernandes, 445 A - Vila Marajoara, Tupã - SP, 17603-210;tupã
Oficinas Mecânicas;Auto Mecânica Abarca;(14) 99670-6542;R. Brasil, 1117 - Jardim Nossa Sra. de Fatima, Tupã - SP, 17607-090;tupã
Oficinas Mecânicas;Auto Peças Equipecas Ltda;(14) 3496-2585;R. Carijós, 559 - Centro, Tupã - SP, 17601-010;tupã
Oficinas Mecânicas;Bosh Car Service - Paternez;(14) 3496-4026;Rod. Cmte. João Ribeiro de Barros - Vila Europa, Tupã - SP, 17604-580;tupã
Oficinas Mecânicas;IVO MOLAS;(14) 3496-7200;R. Tupis, 926 - Vila Lahoz, Tupã - SP, 17600-650;tupã
Oficinas Mecânicas;JM PATERNEZ OFICINA MECANICA DIESEL;(14) 99676-3935;Av. Francisco Lagustera, 910 - Vila Industrial, Tupã - SP, 17605-550;tupã
Oficinas Mecânicas;Bombarda Gonçalves Auto Elétrica;(14) 3496-3319;R. Aimorés, 1876 - Centro, Tupã - SP, 17601-020;tupã
Oficinas Mecânicas;Auto Escape Carijós;(14) 3496-2680;R. Guaranis, 529 - Centro, Tupã - SP, 17601-140;tupã
Oficinas Mecânicas;Mecânica Diesel Yamamoto;(14) 3496-5264;R. Nhambiquaras, 1550 - Centro, Tupã - SP, 17606-000;tupã
Salão de Beleza;Danielly Mendonça;(14) 3441-1020;R. Aimorés, 2295 - Vila Tupa Mirim, Tupã - SP, 17603-050;tupã
Salão de Beleza;Stúdio Brenda Demarchi;(14) 99879-1110;R. João Capioto, 220A - Parque Ipiranga, Tupã - SP, 17602-040;tupã
Salão de Beleza;Alice Cabeleireira;(14) 98126-1089;R. Carijós, 748 - Centro, Tupã - SP, 17601-100;tupã
Salão de Beleza;Beleza Quem Diria Maria;(14) 99111-0712;R. Joaquim Abarca, 1155 - Centro, Tupã - SP, 17600-450;tupã
Salão de Beleza;Espaço Taty Reis;(14) 99745-9745;R. João Capioto, 183 - Parque Ipiranga, Tupã - SP, 17602-040;tupã
Salão de Beleza;Tereza Cabeleireira;(14) 3491-4678;R. Brasil, 588 - Jardim Ipiranga, Tupã - SP, 17607-290;tupã
Salão de Beleza;Studio de Beleza Daniele Medina;(14) 99606-2522;R. Nhambiquaras, 150 - Jardim America, Tupã - SP, 17605-244;tupã
Salão de Beleza;Nathália Benedetti - Micropigmentadora e Lash Designer;(14) 99101-8589;R. Tupis, 177 - Sala 3 - Centro, Tupã - SP, 17601-030;tupã
Salão de Beleza;Studio Mayara Amaral;(14) 99751-6916;R. Aldo Micalli, 41 - Conj. Hab. Valter Pimentel, Tupã - SP, 17602-765;tupã
Salão de Beleza;Delicatt Studio e Acessórios;(13) 98101-7074;R. Abel Ferreira Leite, 823 - Vila Lahoz, Tupã - SP, 17603-285;tupã
Salão de Beleza;STUDIO INTENSE;(14) 99151-8029;R. Caetés, 124 - Centro, Tupã - SP, 17601-150;tupã
Salão de Beleza;Dra Vivian Lopes, Bioharmony, Clinica Medica;(14) 3491-6243;R. Paiaquas, 519 - Centro, Tupã - SP, 17600-090;tupã
Salão de Beleza;Espaço Carol Black Paula;(14) 99620-0763;R. Pintor José Alexandre - Nova Tupã, Tupã - SP, 17610-428;tupã
Dentistas;Oral Bert Odontologia Integrada;(14) 99705-5950;R. Caetés, 866 - Centro, Tupã - SP, 17600-410;tupã
Dentistas;Odontologia Alegrance - Dentista em Tupã;(14) 99778-0092;R. Tupis, 251 - Centro, Tupã - SP, 17601-030;tupã
Dentistas;OrthoDontic;(14) 3491-2494;R. Potiguaras, 210 - Centro, Tupã - SP, 17600-110;tupã
Dentistas;Hospital Odontológico Pavani - 24 HORAS ( Odontologia ABERTO 24 HORAS );(14) 99650-5211;R. Carijós, 192 - Centro, Tupã - SP, 17601-010;tupã
Dentistas;Dra. Raíssa Carvalho;(14) 99877-2200;R. Caetés, 993 - Centro, Tupã - SP, 17600-410;tupã
Dentistas;Dentista Dr Marcos Geromini - Clinica Odontológica Geromini Tupã;(14) 99605-1770;R. Paiaquas, 417 - Centro, Tupã - SP, 17600-250;tupã
Dentistas;ODONTOLOGIA ESPECIALIZADA GUANDALINI;(14) 3496-2881;R. Guaianazes, 753 - Centro, Tupã - SP, 17600-390;tupã
Dentistas;SorriFaz;(14) 99812-3233;R. Cherentes, 351 - Centro, Tupã - SP, 17600-090;tupã
Dentistas;Gou Odonto Tupã;(14) 99795-6530;R. Coroados, 181 - Centro, Tupã - SP, 17600-010;tupã
Dentistas;Dr Jorge Henrique Guandalini;(14) 3496-6310;R. Guaianazes, 1364 - Centro, Tupã - SP;tupã
Dentistas;Dr. Clóvis Y. Tsubono.;(14) 99817-4183;R. Caetés, 937 - Centro, Tupã - SP, 17600-410;tupã
Dentistas;Centro Odontológico Municipal (COM);(14) 3441-3829;R. Guaranis, 760 - Centro, Tupã - SP, 17600-120;tupã
Dentistas;Instituto Life Implantes;(14) 99830-8635;R. Mandaguaris, 549 - Centro, Tupã - SP, 17600-050;tupã
Dentistas;Dra Christiane Vinha Sampedro;(14) 99602-0773;Av. Tamoios, 802 - Centro, Tupã - SP, 17601-000;tupã
Dentistas;Marina Bonora Odontologia;(14) 98151-1631;R. Iporans, 951 - Centro, Tupã - SP, 17600-420;tupã
Dentistas;Dental Ruiz Representação Comercial;(14) 99787-7367;R. Altino Martinez, 301 - Jardim Velline, Tupã - SP, 17610-035;tupã
Dentistas;AmorSaúde Tupã;(14) 99777-6707;Av. Tabajaras, 1070 - Centro, Tupã - SP, 17600-360;tupã
Dentistas;Centro Odontológico Dra. Luciana Sanches;(14) 3496-1415;Av. Tabajaras, 1078 - Centro, Tupã - SP, 17600-360;tupã
Dentistas;Dr Douglas Duenhas de Azevedo - Odontologia Estética e Restauradora;(14) 99722-4128;R. Iporans, 951 - Centro, Tupã - SP, 17600-420;tupã
Dentistas;Dental Peres;(14) 99670-2179;R. Carijós, 139A - Centro, Tupã - SP, 17601-010;tupã
Dentistas;Dental BS Produtos Odontológicos;(14) 3441-4717;R. Aimorés, 1130 - Vila Santa Clara, Tupã - SP, 17601-020;tupã
Dentistas;Núcleo Especializado De Odontologia Ne;(14) 3491-1081;R. Coroados, 224 - Centro, Tupã - SP, 17600-010;tupã
Dentistas;Dentista Dr Tierre Edézio;(14) 3496-1322;Rua: Iporans, 420 - Centro, Tupã - SP, 17601-170;tupã
Dentistas;Clinica NEO;(14) 99829-0889;R. Coroados, 224 - Centro, Tupã - SP;tupã
Dentistas;ODONTOLOGIA IGNÁCIO;(14) 99857-4724;R. Cherentes, 495 - Centro, Tupã - SP, 17600-090;tupã
Dentistas;Dra Barbara Gutinik;(14) 99700-5722;R. Chavantes, 852 - Centro, Tupã - SP, 17600-430;tupã
Dentistas;Mercadog Clínica Veterinária E Pet Shop;(14) 99639-3436;R. Marília, 3260 - Vila Santa Inez, Tupã - SP, 17603-340;tupã
Dentistas;UBS Dr Walter Pimentel;(14) 3496-5804;Av. Tapuias, 530 - Centro, Tupã - SP, 17600-260;tupã
Dentistas;ASS Pta Cirurgiões Dentistas S/C Reg Tupã;(14) 3496-6819;Av. Tamoios, 950 - Centro, Tupã - SP, 17600-120;tupã
Dentistas;Instituto de Ensino à Saúde;(41) 99673-5760;R. Botocudos, 520 - Centro, Tupã - SP, 17600-030;tupã
Advogados;HG Sociedade de Advogados;(14) 99859-6337;R. Potiguaras, 400 - Centro, Tupã - SP, 17601-080;tupã
Advogados;Esteves Ruiz Advogados;(14) 99682-1331;R. Goitacazes, 306 - Centro, Tupã - SP, 17601-110;tupã
Advogados;Advocacia Juliana Andriotti;(14) 99732-6366;Rua Cherentes, 250 Edifício Cinquentenário - 7° andar, sala 74, Tupã - SP, 17600-090;tupã
Advogados;Lucas Notaro Advocacia e Consultoria Jurídica;(14) 99719-8186;R. Botocudos - Centro, Tupã - SP, 17600-030;tupã
Advogados;CSA Advogados;(14) 99739-4428;R. Goitacazes, 333 - Sala 1 - Centro, Tupã - SP, 17601-110;tupã
Advogados;Angela & Maiara - Advocacia;(14) 99666-6989;Av. Tamoios, 20 - Centro, Tupã - SP, 17601-000;tupã
Advogados;Advocacia Lagustera Advogados Associados - Advocacia em Tupã;(14) 99716-5006;R. Argentina, 90 - Jardim America, Tupã - SP, 17605-250;tupã
Advogados;Jaqueline Costa Netto | Advogada;(14) 99712-8082;Rua: Potiguara, 386C - Centro, Tupã - SP, 17601-080;tupã
Advogados;Zaia, Carvalho & Catelli - Advocacia;(14) 99860-6352;R. Iporans, 90 - Centro, Tupã - SP, 17601-170;tupã
Advogados;GUILHERME O FRANCHI - ADVOGADO INSS;(14) 3441-4200;R. Guaranis, 816 - Centro, Tupã - SP, 17600-400;tupã
Advogados;NCS - Nakata, Chiaradia & Sapag Advogados;(14) 99840-0771;R. Caetés, 700 - Centro, Tupã - SP, 17601-150;tupã
Advogados;Prudente Cruz Advocacia;(14) 99641-0361;Rua Doutor Edu Teixeira, 102 - Centro, Tupã - SP, 17605-240;tupã
Advogados;Aruan Miller Félix Guimarães Sociedade Individual de Advocacia;(14) 99713-9077;Rua Antonio Castilho, 623 - Vila Faut, Tupã - SP, 17607-010;tupã
Advogados;SM Advocacia e Cobrança;(14) 99746-1686;R. Bororós, 430 - Centro, Tupã - SP, 17600-020;tupã
Advogados;Bruno Luis Scombatti Zaia - Advogado;(14) 99730-1705;R. Iporans, 90 - Centro, Tupã - SP, 17601-170;tupã
Advogados;Escritório de Advocacia Dr. Welinton Segura;(14) 99824-5240;rua: Carijos, 138 - Centro, Tupã - SP, 17601-010;tupã
Advogados;Ordem dos Advogados do Brasil;(14) 3496-2020;R. Colômbia, 200 - Jardim America, Tupã - SP, 17600-000;tupã
Advogados;CAASP Caixa de Assistência dos Advogados de São Paulo;(14) 3441-1380;R. México, 444 - Jardim America, Tupã - SP, 17605-243;tupã
Pet Shop;Tupã Rações;(14) 99626-5477;R. Macus, 256 - Centro, Tupã - SP, 17600-310;tupã
Pet Shop;Casa Do Criador Dinho;(14) 99752-6707;R. Aimorés, 1685 A - Centro, Tupã - SP, 17601-020;tupã
Pet Shop;Vô Rações;(14) 99829-0355;R. Pastor Teodoro Towkan Towkaniuk, 404b - Parque Ipiranga, Tupã - SP, 17602-487;tupã
Pet Shop;Gil Rações E Acessórios Para Cães, Gatos e Aves;(14) 3441-2111;R. Chavantes, 742 - Vila Mu Nhoz, Tupã - SP, 17601-180;tupã
Pet Shop;Doctor Fish Aquarismo;(14) 99764-9007;R. Caingangs, 283 - Centro, Tupã - SP, 17600-070;tupã
Academias;Academia Energia Fitness;(14) 99646-1748;R. Marília, 3182 - Vila Santa Inez, Tupã - SP, 17603-340;tupã
Academias;Academia Black Fit;(14) 99746-3777;R. Marília, 3225 - Vila Santa Inez, Tupã - SP, 17603-340;tupã
Academias;Quintal Despertar;(14) 99731-8138;Alameda Plymouth, 425 - Vila Inglesa, Tupã - SP, 17603-690;tupã
Academias;IAF Instituto de Avaliação Física;(14) 3496-8111;R. Tapajós, 890 - Centro, Tupã - SP, 17600-040;tupã
Academias;Studio Move on;(14) 99723-7482;R. Caingangs, 928 - Centro, Tupã - SP, 17600-110;tupã
Academias;Quallyfisio - Fisioterapia Especializada;(14) 99707-8695;R. Caingangs, 1491 - Centro, Tupã - SP, 17600-000;tupã
Imobiliárias;Marco Imoveis Ltda.;(14) 3441-1610;Avenida Tapuias, 680 - Centro, TUPÃ - SP, 17600-260;tupã
Imobiliárias;Alfa Imobiliária;(14) 3404-5333;Av. Tamoios, 1355 - Centro, Tupã - SP, 17600-005;tupã
Imobiliárias;Delta Imóveis - Imobiliária em Tupã;(14) 99709-4222;R. Guaranis, 576 - Centro, Tupã - SP, 17601-140;tupã
Imobiliárias;Imobiliária Aliança;(14) 3496-5955;R. Guaranis, 457 - Centro, Tupã - SP, 17601-140;tupã
Imobiliárias;Fênix Imóveis Tupã;(14) 99721-1101;Av. Tabajaras, 413 - Centro, Tupã - SP, 17601-120;tupã
Imobiliárias;Imobiliária RE/MAX Ascensão;(14) 3496-4050;R. Aimorés, 1051 - Centro, Tupã - SP, 17601-020;tupã
Imobiliárias;Bela Imóveis;(14) 99727-3019;R. Gênova, 75 - Vila Santa Inez, Tupã - SP, 17603-310;tupã
Imobiliárias;Kitnet do Val;(14) 99789-0106;R. Pedro Pavanelli, 265 - Jardim Santa Maria, Tupã - SP, 17602-045;tupã
Imobiliárias;Casagrande Imóveis;(14) 3496-1092;R. Potiguaras, 450 - Centro, Tupã - SP, 17601-080;tupã
Imobiliárias;Prime Negócios Imobiliários Tupã-sp;(14) 99700-5268;Av. Tapuias, 1146 - Centro, Tupã - SP, 17600-260;tupã
Imobiliárias;Real Imóveis de Tupã;(14) 3441-1115;R. Tupis, 177 - Sala 1 - Centro, Tupã - SP, 17601-010;tupã
Imobiliárias;Mandarano Imóveis;(14) 3491-5359;R. Cherentes, 203 - Centro, Tupã - SP, 17600-090;tupã
Imobiliárias;Tupã Imóveis;(14) 3491-3757;R. Coroados, 221 - Centro, Tupã - SP, 17601-035;tupã
Imobiliárias;Anderson kitnet;(14) 99600-3827;Universidade Campus Unesp Tupã Proximo mercado Romana Proximo a escola - R. Faustino Daneluti, 670 - Proximo a - Jardim Aritana, Tupã - SP, 17602-630;tupã
Contabilidade;Futura Soluções Contábeis;(14) 3491-6161;R. Caingangs, 1296 - Centro, Tupã - SP, 17600-070;tupã
Contabilidade;Alfa Contabilidade de Tupã;(14) 99774-6092;Av. Tamoios, 1367 - Centro, Tupã - SP, 17600-005;tupã
Contabilidade;Escritório Contábil Delta, Tupã-SP;(14) 3441-3445;R. Caingangs, 496 - Centro, Tupã - SP, 17605-070;tupã
Contabilidade;Escritorio Central de Contabilidade;(14) 99848-3883;R. Aimorés, 1619 - Centro, Tupã - SP, 17601-020;tupã
Contabilidade;Millenium Contabilidade;(14) 3404-2828;R. Brasil, 842 - Vila Espanha, Tupã - SP, 17607-090;tupã
Contabilidade;Pirâmide Contabilidade;(14) 3496-1887;R. Potiguaras, 235 - Centro, Tupã - SP, 17600-410;tupã
Contabilidade;Innove Soluções Contábeis;(14) 99677-8558;Rua - Tupã, SP, 17602-491;tupã
Contabilidade;REAL CONTABILIDADE;(14) 3491-3525;R. Caetés, 1330 - Centro, Tupã - SP, 17600-410;tupã
Contabilidade;Diplomata Contabilidade;(14) 3496-4447;R. Botocudos, 705 - Centro, Tupã - SP, 17600-030;tupã
Contabilidade;R L Quinhoneiro Contabilidade;(14) 3491-2621;R. Caingangs, 26 - Vila Tupa Mirim I, Tupã - SP, 17600-070;tupã
Contabilidade;Escritório Oracaci;(14) 3441-4646;Av. Tamoios, 1281 - Sala 01 - Centro, Tupã - SP, 17600-005;tupã
Contabilidade;RP Soluções Contábeis;(14) 3491-2767;R. Nhambiquaras - Jardim America, Tupã - SP, 17605-244;tupã
Contabilidade;Vector Gestão Financeira-Consultoria e Assessoria para pequenas empresas;(14) 99878-7140;Endereço não encontrado;tupã
Contabilidade;GIROTO CONTABILIDADE;(14) 99785-8448;R. Caetés, 1155 - Centro, Tupã - SP, 17600-410;tupã
Clínicas de Estética;Clínica de Estética- Karine Yuka;(14) 99713-3871;R. Chavantes, 668 - Centro, Tupã - SP, 17601-180;tupã
Clínicas de Estética;Dra Vivian Lopes, Bioharmony, Clinica Medica;(14) 99617-2628;R. Uapês, 239 - Centro, Tupã - SP, 17600-140;tupã
Clínicas de Estética;Clínica Kawano;(14) 99688-7770;R. Abílio Miguel Sapag - Jardim Itaipu, Tupã - SP, 17602-484;tupã
Lojas de Roupa;Debby Modas em Tupã;(14) 99726-5842;R. Manoel da Silva Felipe, 165 - Parque Ipiranga, Tupã - SP, 17603-420;tupã
Lojas de Roupa;Bumerang;(14) 3496-8707;R. Iporans, 877 - Centro, Tupã - SP, 17600-420;tupã
Lojas de Roupa;Eliane Valentin;(14) 99662-3719;R. Caetés, 1300 - Centro, Tupã - SP, 17600-410;tupã
Lojas de Roupa;Casa da Mamãe;(14) 3491-4113;Av. Tamoios, 608 - Centro, Tupã - SP, 17601-000;tupã
Lojas de Roupa;Doidão dos Tecidos;(14) 3491-2828;R. Aimorés, 2359 - Vila Tupa Mirim, Tupã - SP, 17600-690;tupã
Lojas de Roupa;Jussara Paderes Boutique;(14) 99831-3748;Av. Tamoios, 609 - Centro, Tupã - SP, 17601-000;tupã
Lojas de Roupa;Giliane Roupas e Acessórios;(14) 99682-1645;R. Clementino Campos Rocha, 130 - Conj. Hab. Ver. Joaquim Ribeiro Porto, Tupã - SP, 17602-730;tupã
Lojas de Roupa;Rosa Choque;(14) 99615-2227;Av. Tamoios, 659 - Centro, Tupã - SP, 17601-000;tupã
Barbearias;Barbearia Navalhas;(14) 99878-8307;R. Marília, 2623 - Vila Santa Inez, Tupã - SP, 17603-340;tupã
Barbearias;Gui BarberShop;(14) 99619-6965;R. Chavantes, 459 - Centro, Tupã - SP, 17601-180;tupã
Barbearias;Barbearia Lukinha;(14) 99654-6701;R. João do Val, 144 - Parque Res. Casari, Tupã - SP, 17603-450;tupã
Barbearias;Matheus Ferrari Barberaria;(14) 99819-7001;R. Chavantes, 1010 - Centro, Tupã - SP, 17600-430;tupã
Barbearias;Barbearia Moreira Cort’s;(14) 99680-0053;R. Brasil, 1050 - Parque Universitário II, Tupã - SP, 17607-090;tupã
Barbearias;BARBEARIA VALMIR ASSIS;(14) 99671-1752;R. Iporans, 858 - Centro, Tupã - SP, 17600-420;tupã
Barbearias;Lu e Di Espaço de Beleza;(14) 99821-7910;R. Guaianazes, 1233 - Centro, Tupã - SP, 17600-120;tupã
Barbearias;Adega aimores;(14) 99682-8748;R. Aimorés, 2202 - Centro, Tupã - SP, 17600-640;tupã
Pizzarias;Nonno Bonfadine Pizzaria e Esfiharia;(14) 99753-1004;R. Caetés, 760 - Centro, Tupã - SP, 17601-150;tupã
Pizzarias;Pizzaria San Marco;(14) 3491-6523;R. Nhambiquaras, 30 - Centro, Tupã - SP, 17605-244;tupã
Pizzarias;Pizza du Cheff;(14) 3496-3456;Av. Tamoios, 1705 - Centro, Tupã - SP, 17600-005;tupã
Pizzarias;Padeiro's Burguer;(14) 99740-4241;R. Aimorés, 2202 - Centro, Tupã - SP, 17600-640;tupã
Pizzarias;CQSab - Lanchonete e Pizzaria;(14) 99744-6449;R. Clóvis de Oliveira, 1585 - Jardim Itaipu, Tupã - SP, 17602-480;tupã
Farmácias;Dhermativos Farmácia de Manipulação;(14) 99708-4884;Avenida Tamoios, 1260 - Centro, TUPÃ - SP, 17600-005;tupã
Farmácias;Drogaria Santa Fé;(14) 3496-4390;R. Marília, 3109 - Vila Formosa, Tupã - SP, 17603-340;tupã
Farmácias;Droga Raia;(14) 99859-4185;R. Aimorés, 2455 - Vila Santa Inez, Tupã - SP, 17603-270;tupã
Farmácias;Farmácia Pague Menos;4002-8282;R. Aimorés, 1755 - Centro, Tupã - SP, 17601-020;tupã
Farmácias;Drogaria São Camilo;(14) 3496-2863;R. Aimorés, 1938 - Centro, Tupã - SP, 17600-640;tupã
Farmácias;Farmacia Santa Maria;(14) 3491-5189;R. Aimorés, 2368 - Vila Tupa Mirim, Tupã - SP, 17600-640;tupã
Farmácias;Drogaria Sao Mateus;(14) 99744-2605;R. Cherentes, 1505 - Vila Tupa Mirim I, Tupã - SP, 17603-000;tupã
Farmácias;Farmácia Aimorés;(14) 99722-4516;R. Aimorés, 1421 - Centro, Tupã - SP, 17601-020;tupã
Farmácias;Drogaria Dom Bosco / Rede Drogão Popular;(14) 99806-5332;Av. Tabajaras, 1592 - Centro, Tupã - SP, 17604-020;tupã
Farmácias;Farmácia Avenida;(14) 3496-3500;Av. Tamoios, n° 369 - Centro, Tupã - SP, 17601-000;tupã
Farmácias;Drogaria Total - Farmácia Tapuias;(14) 99870-2021;Av. Tapuias, 1125 - SLJ 1135 - Centro, Tupã - SP, 17604-050;tupã
Farmácias;Farmácia Cruzeiro;(14) 3496-1845;Av. Tamoios, 685 - Centro, Tupã - SP, 17601-000;tupã
Farmácias;Drogaria Alves;(14) 99783-2176;R. Aimorés, 1483 - Centro, Tupã - SP, 17601-020;tupã
Farmácias;Farmácia Brasil;(14) 3496-1308;R. Aimorés, 1385 - Centro, Tupã - SP, 17601-020;tupã
Farmácias;Fito Fórmula Manipulação e Drogaria;(14) 99642-4403;Av. Tabajaras, 1073 - Centro, Tupã - SP, 17601-120;tupã
Farmácias;Revitalize Pharma;(14) 3496-3733;Av. Tamoios, 515 - Centro, Tupã - SP, 17601-000;tupã
Farmácias;Pharmacotécnica Fórmulas;(14) 3404-2090;Av. Tamoios, 1343, via whatsapp, 18 - 9980,91646 - Centro, Tupã - SP, 17600-005;tupã
Farmácias;Fármacos Farmácia de Manipulação;(14) 3441-3753;Av. Tabajaras 1506, via whatsapp, 18 - 9980,91646 - Centro, Tupã - SP, 17601-120;tupã
Farmácias;Dallaqua Cardoso & Cia;(14) 3496-1369;Av. Tamoios, 372 - Centro, Tupã - SP, 17601-000;tupã
Farmácias;Pedro Martinez Piernas & Cia;(14) 3441-5188;Av. Tamoios, 925 - Centro, Tupã - SP, 17600-120;tupã
Floriculturas;Floricultura Pax Flores;(14) 99666-3344;R. Anita Costa, 255 - Vila Vargas, Tupã - SP, 17605-190;tupã
Floriculturas;SACI FLORES E PRESENTES TUPÃ;(14) 3496-1724;Av. Tamoios, 1160 - Centro, Tupã - SP, 17600-005;tupã
Floriculturas;Floricultura Doce Encanto;(14) 3496-7930;R. Aimorés, 1172 - Vila Santa Clara, Tupã - SP, 17601-020;tupã
Floriculturas;Beija-Flor Mudas Tupã.;(14) 3441-4937;R. Estados Unidos, 1250 - Jardim America, Tupã - SP, 17606-020;tupã
Floriculturas;Pézim de Alface;(14) 99744-3508;R. Cherentes, 767 - Centro, Tupã - SP, 17600-090;tupã
Floriculturas;Belo Jardim - Jardinagem e Paisagismo;(14) 99648-0115;R. Nhambiquaras, 1200 - Jardim America, Tupã - SP, 17605-244;tupã
Floriculturas;Orquidário Sabatine;(14) 99643-0252;R. José Maria Camarinho, 100 - Jardim Guanabara, Tupã - SP, 17604-730;tupã
Floriculturas;Viveiro de Mudas Flora Tupã;(14) 99721-4191;R. Júlio Dualibi, 148 - Maraba, Tupã - SP, 17602-413;tupã
Floriculturas;Fágu´s Presentes e Decorações LTDA-ME;(14) 3496-3410;Centro, Tupã - SP, 17603-761;tupã
Floriculturas;Helen Rocha Cestas;(14) 99642-0155;R. José Maria García - Parque Ibirapuera, Tupã - SP, 17602-130;tupã
Materiais de Construção;Piracicaba Materiais para Construção;(14) 99670-9443;R. Marília, 3080 - Vila Santa Inez, Tupã - SP, 17603-340;tupã
Materiais de Construção;Luiz Carlos Fornazieri-ME;(14) 3441-7744;Av. Lélio Pizza, 251 - Vila Lahoz, Tupã - SP, 17600-710;tupã
Auto Peças;Sérgio Auto Peças;(14) 3496-2050;Av. Tamoios, 1585 - Centro, Tupã - SP, 17600-005;tupã
Auto Peças;Alceu Auto Peças;(14) 3491-2205;R. Nhambiquaras, 816 - Parque das Nacoes, Tupã - SP, 17606-036;tupã
Auto Peças;Auto Parts Peças e Acessórios;(14) 3491-2448;Av. Lélio Pizza, 1743 - Vila Inglesa, Tupã - SP, 17603-620;tupã
Auto Peças;Race Acessórios;(14) 3441-3163;R. Estados Unidos, 640 - Parque das Nacoes, Tupã - SP, 17606-020;tupã
Auto Peças;Comercial Rede Industria de Auto Peças ltda;(14) 3404-3020;R. José Enrique Ari Fernandes, 1865 - Vila Industrial, Tupã - SP, 17604-170;tupã
Auto Peças;Maf Peças Diesel;(14) 3491-6015;R. Anita Costa, 300 - Vila Vargas, Tupã - SP, 17605-190;tupã
Auto Peças;CACIQUE AUTO PEÇAS PARA CAMINHÃO;(14) 3495-9192;Jardim Paulista, Tupã - SP;tupã
Auto Peças;Tupã-Distribuidora - Iluminação, Latarias e Acessórios Automotivos;(14) 3441-3131;R. Dr. Lima, 121 - Parque Industrial, Tupã - SP, 17606-360;tupã
Auto Peças;Auto Mecanica E Pecas Tonhao;(14) 3496-6365;R. Floriano Sáles, 73 A - Vila das Industrias, Tupã - SP, 17604-160;tupã
Auto Peças;Prime Serviços Automotivos;(14) 99875-6228;R. Tupis, 565 - Centro, Tupã - SP, 17601-030;tupã
Auto Peças;Moto Bike Peças e Acessórios;(14) 3496-2814;R. Caetés, 559 - Centro, Tupã - SP, 17601-150;tupã
Auto Peças;Correa Auto Center;(14) 3491-5590;Av. Lélio Pizza, 1263 - Vila Tupa Mirim I, Tupã - SP, 17603-060;tupã
Auto Peças;Revolu sound;(14) 3441-3488;Rod. Cmte. João Ribeiro de Barros, 526 - Parnaso, Tupã - SP;tupã
Auto Peças;Panorama Mecânica e Pecas;(14) 3496-6383;R. Aimorés, 237 - Vila Abarca, Tupã - SP, 17607-020;tupã
Auto Peças;KIKO AUTO ELETRICA - REMAP & PERFORMANCE;(14) 3491-1011;R. Nhambiquaras, 523 - Centro, Tupã - SP, 17606-000;tupã
Auto Peças;Ajatus Auto Elétrica Ltda (Serginho);(14) 3496-6927;R. Brasil, 1002 - Vila Espanha, Tupã - SP, 17607-322;tupã
Auto Peças;Mundial Motos Peças e Acessorios;(14) 3496-8440;Av. Tabajaras, 1515 - Centro, Tupã - SP, 17604-020;tupã
Auto Peças;BORRACHARIA TAMOIOS MOTOS;(14) 99845-6438;N° 1155 - João Paulo II Rua Manoel Ignácio, Av. Idenolphi Semeghini, n° 1820 - Conjunto Habitacional Turistica, Tupã - SP, 17610-520;tupã
Auto Peças;GV PARTS;(14) 3495-9173;R. Dr. Lima, 150 - Parque Industrial, Tupã - SP, 17606-360;tupã
Supermercados;Supermercado Gaspar;(14) 3404-2010;R. Aimorés, 2510 - Vila Santa Inez, Tupã - SP, 17600-640;tupã
Supermercados;Formosa Express;(14) 99848-2664;R. Marília, 2664 - Vila Formosa, Tupã - SP, 17603-340;tupã
Supermercados;Amigão Supermercados - Tupã;(14) 3496-5844;R. Planalto, 370 - Parque Ipiranga, Tupã - SP, 17602-033;tupã
Supermercados;Mercado Real;(14) 3496-6334;Vila Lahoz, Tupã - SP, 17600-180;tupã
Supermercados;Mini mercado Brasil;(14) 99784-9965;Av. Tapuias, 180 - Centro, Tupã - SP, 17600-260;tupã
Supermercados;Mercearia Santo Antônio;(14) 99751-5979;R. São Paulo, 1160 - Jardim Nossa Sra. de Fatima, Tupã - SP, 17606-295;tupã
Supermercados;Verduras Tak;(14) 99903-4436;R. Aimorés, 1033 - Centro, Tupã - SP, 17601-020;tupã
Supermercados;Loja Vieira;(14) 99695-8373;R. Carijós, S/N - Centro, Tupã - SP, 17601-010;tupã
Supermercados;Quitanda E Mercearia Okochi;(14) 99681-3276;Av. Pres. Vargas - Vila Vargas, Tupã - SP, 17605-200;tupã
Supermercados;MB Bugigangas Utilidades Domésticas em Geral;(14) 3441-3278;R. Panamá, 448 - Jardim America, Tupã - SP, 17605-280;tupã
Supermercados;Rotta Leste Distribuidora Tupã;(14) 99692-4771;R. Marechal-do-Ar Eduardo Gomes, 545 - Reserva tupa, Tupã - SP, 17607-450;tupã
Padarias;Suprema Panificadora e Confeitaria;(14) 3441-2888;R. Olípio Ferreira Nascimento, 51 - Vila Marajoara, Tupã - SP, 17603-150;tupã
Padarias;Padaria e Confeitaria Aliança Tupã;(14) 3496-1894;R. Aimorés, 1865 - Centro, Tupã - SP, 17600-640;tupã
Veterinários;Pet Petrillo;(14) 3491-2753;Rua Iporans, 1650 - Centro, TUPÃ - São Paulo, 17600-420;tupã
Veterinários;Pet Petrillo;(14) 99127-8710;R. Iporans, 1650 - Centro, Tupã - SP, 17600-420;tupã
Veterinários;NutriAgro Clínica Veterinária;(14) 3496-4155;R. José Enrique Ari Fernandes, 1820 - Vila das Industrias, Tupã - SP, 17604-316;tupã
Veterinários;"Veterinária Pró Animal ""Miake""";(14) 3496-1844;R. Carijós, 373 - Centro, Tupã - SP, 17601-010;tupã
Veterinários;Agro Pet dog cat;(14) 99784-2450;R. Paiaquas, 570 - Centro, Tupã - SP, 17604-040;tupã
Veterinários;Santoro Pet Center;(14) 99710-0217;R. Guaranis, 470 - Centro, Tupã - SP, 17601-140;tupã
Veterinários;Clínica veterinária Animalia;(14) 99857-9097;Av. Tabajaras, 1505 - Centro, Tupã - SP, 17604-020;tupã
Veterinários;Bodão Veterinária;(14) 99712-0290;Rua: Coroados, 1818 - Vila Tupa Mirim I, Tupã - SP, 17603-900;tupã
Veterinários;Clin Vet;(14) 3496-7160;R. Goitacases, 1114 - Centro, Tupã - SP, 17600-350;tupã
Veterinários;EMERGE Centro de Diagnóstico Médico Veterinário;(14) 3491-3415;R. Caingangs, 1032 - Centro, Tupã - SP, 17600-070;tupã
Veterinários;Veterinaria:-);(14) 99671-2498;R. Nhambiquaras, 1227 - Parque das Nacoes, Tupã - SP, 17605-253;tupã
Veterinários;Casa Pet;(14) 99797-8781;Av. Arthur Fernandes, 445 - B - Vila Tupa Mirim I, Tupã - SP, 17603-210;tupã
Veterinários;Pet Vida - Pet Shop Rações e Hotel;(14) 99744-5717;R. Caetés, 422 - Centro, Tupã - SP, 17601-150;tupã
Depósitos de Construção;Lojão dos Parafusos;(14) 3441-1001;R. Guaranis, 378 - Centro, Tupã - SP, 17601-140;tupã
Depósitos de Construção;Wilson Barbosa Tupã & Cia Ltda-ME;(14) 3441-1117;R. Marília, 2950 - Vila Santa Inez, Tupã - SP, 17603-340;tupã
Depósitos de Construção;Comercial Nakamura;(14) 3691-1553;R. Marília, 3670 - Jardim Jacana, Tupã - SP, 17602-470;tupã
Depósitos de Construção;Deposito América;(14) 3441-2324;R. Iporans, 450 - Centro, Tupã - SP, 17601-170;tupã
Depósitos de Construção;RS Ferramentas Epi's & Suprimentos;(14) 3441-7227;R. Nhambiquaras, 144 - Jardim America, Tupã - SP, 17604-010;tupã
Depósitos de Construção;Calezzi Fabrica de Pisos e Revestimentos Cimentícios - Tupã;(14) 99787-1332;Leilão Pizza, 1097 - Centro, Tupã - SP, 17603-060;tupã
Depósitos de Construção;Promatter Materiais Elétrico e Hidráulico;(14) 3491-2291;Av. Pres. Vargas, 1960 - Vila Vargas, Tupã - SP, 17605-200;tupã
Depósitos de Construção;Inove Soluções Elétricas;(14) 3496-7214;Av. Guerino Ferrari, 201 - Distrito Industrial II, Tupã - SP, 17604-770;tupã
Depósitos de Construção;Comercial Monteiro Embalagens;(14) 3441-1200;R. Iporans, 806 - Centro, Tupã - SP, 17601-170;tupã
Depósitos de Construção;ART DECORE TUPÃ - PISO LAMINADO / KIT PORTA PRONTA / PISO VINÍLICO / PAPEL DE PAREDE;(14) 99891-5052;Av. Tamoios, 1877 - SALA 7 - Centro, Tupã - SP, 17605-090;tupã
Depósitos de Construção;Almeida Tintas;(14) 3496-6700;Av. Tamoios, 1290 - Centro, Tupã - SP, 17600-005;tupã
Depósitos de Construção;Prolar Reparos e Variedades;(14) 3441-7759;Av. Tamoios, 1400 - Centro, Tupã - SP, 17600-010;tupã
Depósitos de Construção;Oficina das Tintas - Tupã;(14) 99156-7501;Av. Tabajaras, 1113 - Centro, Tupã - SP, 17600-360;tupã
Escolas;EE Prof. Sebastião Teixeira Pinto;(14) 3491-4649;R. Abel Ferreira Leite, 681 - Vila Tupa Mirim I, Tupã - SP, 17603-050;tupã
Escolas;EMEI Professora Enedina Botteon;(14) 3404-3100;Praça da Bandeira, 900 - Centro, Tupã - SP, 17600-380;tupã
Escolas;Escola Técnica Estadual Professor Massuyuki Kawano - Tupã;(14) 3441-1010;R. Caingangs, 955 - Centro, Tupã - SP, 17600-494;tupã
Escolas;Escola Infantil Bem Me Quer;(14) 3441-5969;R. Dr. Waldemar Buffulin, 455 - Jardim Santa Adelia, Tupã - SP, 17603-758;tupã
Escolas;EMEF Professor João Geraldo Iori;(14) 3441-6050;Rua Ângelo Servilha Romero, 150 - Jardim Aritana, Tupã - SP, 17602-703;tupã
Escolas;Colégio Alta Paulista;(14) 3491-4592;R. Brasil, 950 - Parque Universitário II, Tupã - SP, 17607-090;tupã
Escolas;EE Dr. Lélio Toledo Piza e Almeida;(14) 3491-2285;R. Tapajós, 804 - Centro, Tupã - SP, 17600-040;tupã
Escolas;Escola Adventista de Tupã;(14) 3496-3167;R. Irmã Amália, 120 - Vila Sao Jose, Tupã - SP, 17602-180;tupã
Escolas;Centro Nacional Integrado de Cursos;(14) 3441-6028;R. Iporans, 1049 - Centro, Tupã - SP, 17600-420;tupã
Escolas;Escola de Corte e Costura Maria Chita;(14) 3496-2342;R. Paiaquas, 1051 - Centro, Tupã - SP, 17600-250;tupã
Escolas;CRECHE ESCOLA Manuel Campos Ruiz (Irmão Manolo);(14) 3441-6881;R. Lázaro Mosquine, 121 - Vila Santa Rita, Tupã - SP, 17604-400;tupã
Escolas;EE João Brediks;(14) 3493-2127;Av. Brasil, 75 - Distrito de Varpa, Tupã - SP, 17615-000;tupã
Escolas;Language Center;(14) 3496-3141;R. Joviniana Bezerra de Carvalho, 255 - Parque Universitário II, Tupã - SP, 17607-389;tupã
Escolas;FAP;(14) 3404-3862;R. Mandaguaris, 1010 - Centro, Tupã - SP, 17600-050;tupã
Escolas;Legião Mirim de Tupã;(14) 3496-2801;R. Cherentes, 639 - Centro, Tupã - SP, 17600-090;tupã
Escolas;EAD UniCesumar - Tupã/SP;(14) 99891-0034;Rua: Iporans, 887 - Centro, Tupã - SP, 17600-420;tupã
Escolas;Quintal Despertar;(14) 3496-6856;Praça Rui Barbosa, 1420 - Centro, Tupã - SP, 17604-011;tupã
Escolas;Unigran EAD Tupã;(14) 99790-1897;Avenida Tamoios, 1350 - (salas 02,08,09 e 13 - Centro, Tupã - SP, 17600-005;tupã
Escolas;Anhanguera;(14) 3441-1414;R. Mandaguaris, 923 - Centro, Tupã - SP, 17606-135;tupã
Lojas de Informática;Fênix Informática Tupã - Computadores, Notebooks, Video Games, Pc Gamer, Conserto, Assistência Técnica;(14) 99625-4750;R. Potiguaras, 347 - Centro, Tupã - SP, 17607-387;tupã
Lojas de Informática;Stillo Eletro e Eletrônicos;(14) 99724-3323;R. Marília, 2725 - Vila Santa Inez, Tupã - SP, 17603-340;tupã
Lojas de Informática;Casa do Celular Tupã - Assistência Técnica em celulares e tablets, compra, venda e acessórios;(14) 99907-2836;Av. Tabajaras, 1276 - Centro, Tupã - SP, 17600-360;tupã
Lojas de Informática;Sassa & Pacolinha Materiais para Construção;(14) 99826-9937;R. Cherentes, 514 - Centro, Tupã - SP, 17600-090;tupã
Lojas de Informática;Microserv Tupã Comércio e Serviços Ltda;(14) 99747-4088;Av. Tamoios, 576 - Centro, Tupã - SP, 17601-000;tupã
Lojas de Informática;Mundo Animal Rações Tupã;(14) 99686-2740;Rua Marília, 2967 Em frente ao Mão Branca, Tupã - SP, 17603-340;tupã
Lojas de Informática;Augustus Emporio;(14) 99867-6984;R. Marília, 2947 - Vila Santa Inez, Tupã - SP, 17603-340;tupã
Lojas de Informática;Ateliê Faz e Refaz Tupã;(14) 99659-1144;R. Aimorés, 2037 - Centro, Tupã - SP, 17600-640;tupã
Lojas de Informática;J R Distribuidora Cosméticos e Armarinhos Tupã;(14) 99860-8233;R. Aimorés, 2075 - Centro, Tupã - SP, 17601-020;tupã
Lojas de Informática;Campineira kit festa;(14) 99841-2736;R. Aimorés, 2338 - Vila Tupa Mirim, Tupã - SP, 17603-050;tupã
Concessionárias;Chevrolet Proeste Tupã;(14) 3404-3434;R. Brasil, 1330 - Parque das Nacoes, Tupã - SP, 17607-090;tupã
Concessionárias;Mayoral Veículos;(14) 3496-3096;R. Brasil, 982 - Vila Espanha, Tupã - SP, 17607-090;tupã
Concessionárias;Chevrolet Proeste Tupã;(14) 3496-7576;Av. Dr. Edu Teixeira de Mendonça, 680 - Parque das Nacoes, Tupã - SP, 17605-253;tupã
Concessionárias;Rampim Multimarcas;(14) 99797-0145;Av. Arthur Fernandes, 435 - Vila Marajoara, Tupã - SP, 17603-210;tupã
Concessionárias;Wonder Cars Produtos Automotivos;(14) 99767-2740;R. Caingangs, 334 - Centro, Tupã - SP, 17600-070;tupã
Hotéis;Cazuza Palace Hotel;(14) 3496-5300;Av. Tamoios, 1877 - Centro, Tupã - SP, 17605-090;tupã
Hotéis;Hotel Avenida;(14) 3496-1877;Av. Tamoios, 825 - Centro, Tupã - SP, 17601-000;tupã
Hotéis;Central Plaza Hotel;(14) 3496-2024;R. Potiguaras, 310 - Centro, Tupã - SP, 17601-080;tupã
Hotéis;Hotel Fema;(14) 99705-7231;Av. Tamoios, 772 - Centro, Tupã - SP, 17601-000;tupã
Hotéis;Hotel e Pousada Mozini`s;(14) 3491-5074;R. José Enrique Ari Fernandes, 1850 - Vila das Industrias, Tupã - SP, 17604-170;tupã
Hotéis;Antônio`s Hotel de Rinópolis;(18) 3583-1511;R. São Luís, 155, Rinópolis - SP, 17740-000;tupã
Hotéis;Hotel Prudentao;(14) 3478-6846;Via de acesso Wagner dos Reis Ferreira - zona rural, Bastos - SP, 17690-000;tupã
Hotéis;Tuiuiú Park Hotel de Rinópolis;(18) 3583-1213;R. São José, 105 - Jardim São Matheus, Rinópolis - SP, 17740-000;tupã
Hotéis;San Palace Hotel;(18) 99820-9828;R. Clarinda Rosa Neto, 810, Santópolis do Aguapeí - SP, 16240-000;tupã
Hotéis;Atrium Motel;(14) 3491-4099;VSP-052 - Vila das Industrias, Tupã - SP;tupã
Hotéis;Hotel Eldorado;(18) 3528-2353;Av. Brasil, 820 - Centro, Osvaldo Cruz - SP, 17700-000;tupã
Hotéis;Hotel & Pousada PPH;(14) 99753-1516;BR-153 - Guaimbê, SP, 16480-000;tupã
Clínicas Médicas;Nutroclin - Clínica Médica da Dra Grasi;(14) 99115-3622;R. Botocudos, 520 - Centro, Tupã - SP, 17600-030;tupã
Clínicas Médicas;Clínica Imagem Diagnóstico Tupã;(14) 3691-1200;R. Piratinins, 422 - Centro, Tupã - SP, 17600-100;tupã
Clínicas Médicas;Mirele Santos Geriatria e Clínica Médica;(14) 99822-0918;R. Bororós, 1190 - Centro, Tupã - SP, 17600-020;tupã
Clínicas Médicas;BUSKCIPA;(14) 99771-4700;Rua: Potiguaras, 800 - Centro, Tupã - SP, 17600-120;tupã
Clínicas Médicas;Condomínio São Vicente Saúde;(14) 3491-5411;Rua: Tapuias, 966 - Centro, Tupã - SP, 17600-100;tupã
Clínicas Médicas;Quallyfisio - Fisioterapia Especializada;(14) 3496-1218;R. Botocudos, 540 - Centro, Tupã - SP, 17600-030;tupã
Clínicas Médicas;CLÍNICA MORI TUPÃ - OFTALMOLOGIA ESPECIALIZADA;(14) 3404-4490;R. Botocudos, 345 - Centro, Tupã - SP, 17600-030;tupã
Clínicas Médicas;Clínica Laurino dos Santos;(14) 99779-5875;R. Caingangs, 605 - Centro, Tupã - SP, 17600-380;tupã
Clínicas Médicas;Clinica Prontil;(14) 99823-4998;R. Carijós, 178 - Centro, Tupã - SP, 17600-150;tupã
Clínicas Médicas;Quallyfisio - Fisioterapia Especializada;(14) 99638-3308;R. Goitacazes, 1041 - Centro, Tupã - SP, 17600-350;tupã
Clínicas Médicas;Laboratório UNIMED Tupã;(14) 3441-5522;R. Coroados, 297 - Centro, Tupã - SP, 17600-010;tupã
Clínicas Médicas;Clínica Estética MagraSS Tupã, Emagrecimento, Criolipólise, Tratamento para Gordura Localizada, Estria, Flacidez, Celulite;(14) 99772-1403;R. Cherentes, 431 - Centro, Tupã - SP, 17600-090;tupã
Clínicas Médicas;Dr. Matheus Manzano Acupuntura e Fisioterapia;(14) 99659-8737;R. Cherentes, 495 - Centro - Centro, Tupã - SP, 17600-090;tupã
Clínicas Médicas;Dra. Camila Sanchez - Ginecologista e Obstetra - Tupã;(14) 99816-9077;R. Paiaquas, 519 - Sala 4 - Centro, Tupã - SP, 17600-250;tupã
Clínicas Médicas;Dr. Dalton;(14) 3496-4848;R. Paiaquas, 765 - Centro, Tupã - SP, 17600-250;tupã
Clínicas Médicas;Rede de Vacinação Imunne - Tupã;(14) 3441-2243;R. Coroados, 757 - Centro, Tupã - SP, 17600-010;tupã
Clínicas Médicas;Instituto de Cardiologia e Especialidades de Tupã;(14) 99822-1993;R. Coroados, 745 - Centro, Tupã - SP, 17600-010;tupã
Clínicas Médicas;Drª Fernanda Possas Guimaraes;(14) 3496-6821;R. Guaianazes, 1785 - Centro, Tupã - SP, 17604-130;tupã
Clínicas Médicas;OrthoDontic;(14) 3496-3980;Av. Tabajaras, 425 - Centro, Tupã - SP, 17600-360;tupã
Clínicas Médicas;Dra. Nathália Borges Meilsmith - Endocrinologista em Tupã/SP;(14) 3441-1665;R. Tapajós, 901 - Centro, Tupã - SP, 17600-040;tupã
Clínicas Médicas;Oftalmologista Dr. Gustavo Aragaki - Oftalmologia e Retina;(14) 3496-1408;Próximo ao Museu Índia Vanuíre - R. Guaianazes, 1135 - Centro, Tupã - SP, 17600-390;tupã
Clínicas Médicas;Marquinho Fisioterapia Quiropraxia e Educação Fisica;(14) 99660-3540;R. Paiaquas, 1145 - Centro, Tupã - SP, 17604-040;tupã
Clínicas Médicas;Condomínio São Lucas;(14) 3441-7499;R. Aimorés, 1790 - Centro, Tupã - SP, 17601-020;tupã
Clínicas Médicas;GABRIELA FONSECA CENTRO DE PILATES;(14) 98808-6683;R. Nhambiquaras, 628 - Centro, Tupã - SP, 17601-000;tupã
Clínicas Médicas;Dr;(14) 99776-2492;R. Paiaquas, 705 - Centro, Tupã - SP, 17600-250;tupã
Clínicas Médicas;Andressa Boa Ventura- Fisioterapeuta;(14) 99672-1634;R. Paiaquas, 705 - Sala 6 - Centro, Tupã - SP, 17600-250;tupã
Clínicas Médicas;Maria Angélica - Clínica Piratinins;(18) 99622-2220;R. Paiaquas - Centro, Tupã - SP, 17600-360;tupã
Clínicas Médicas;Fisioviver Clinica de Fisioterapia e Pilates;(14) 99633-4367;R. Caetés, 1335 - Centro, Tupã - SP, 17600-410;tupã
Clínicas Médicas;Dr. Luiz Paulo Fiod Soares;(14) 99845-0249;R. Itapicurus, 110 - Centro, Tupã - SP, 17600-010;tupã
Clínicas Médicas;Centro de Terapias;(14) 99792-2978;R. Caingangs, 880 - Centro, Tupã - SP, 17600-070;tupã
Clínicas Médicas;Centro Audiológico Viviane Borim;(14) 99606-1721;R. Bororós, 1705 - Vila Tupa Mirim I, Tupã - SP, 17600-020;tupã
Clínicas Médicas;Clínica de Fisioterapia Yamauchi;(14) 99731-0242;R. Tapajós, 911 - Centro, Tupã - SP, 17600-040;tupã
Clínicas Médicas;Arieli Felix Fisioterapeuta;(14) 99892-6055;R. Bororós, 1190 - Centro, Tupã - SP, 17600-020;tupã
Clínicas Médicas;Marquinho Fisioterapia Quiropraxia e Educação Fisica;(14) 99101-5244;Rua: Antônio Pereira Gaspar, 577 - Parque Universitário II, Tupã - SP, 17607-350;tupã
Clínicas Médicas;Rede Unividas;(14) 3441-7248;Av. Tamoios, 481 - Centro, Tupã - SP, 17601-000;tupã
Laboratórios;Laboratório Guimarães - Unidade II;(14) 99856-6464;R. Marília, 3380 - Vila Santa Inez, Tupã - SP, 17603-340;tupã
Laboratórios;Laboratório UNIMED Tupã;(14) 3496-3368;R. Goitacazes, 977 - Centro, Tupã - SP, 17600-350;tupã
Laboratórios;Laboratório Guimarães;(14) 3496-1824;R. Bororós, 841 - Centro, Tupã - SP, 17600-020;tupã
Laboratórios;Laboratório Zimmermann;(14) 3496-4823;Av. Tapuias, 1010 - Centro, Tupã - SP, 17620-140;tupã
Laboratórios;Laboratório Municipal de Análises Clínicas;(14) 3441-4339;R. Tupinambaranas, 1050 - Centro, Tupã - SP, 17604-060;tupã
Laboratórios;Laboratório Tupan;(14) 3441-2208;R. Cherentes, 447 - Centro, Tupã - SP, 17600-010;tupã
Laboratórios;Labormed Tupã;(14) 3441-7899;R. Guaianazes, 499 - Centro, Tupã - SP, 17601-130;tupã
Laboratórios;Labor SP - Laboratórios Inteligentes;0800 800 1961;R. Coroados, 883 - Centro, Tupã - SP, 01760-010;tupã
Laboratórios;Clínica Imagem Diagnóstico Tupã;(14) 3496-7720;R. Guaianazes, 1795 - Centro, Tupã - SP, 17605-040;tupã
Laboratórios;Laboratórios Reunidos Tupis;(14) 3496-1419;Av. Tabajaras, 1433 - Centro, Tupã - SP, 17601-120;tupã
Laboratórios;MM Laboratório Digital;(14) 3496-2851;R. Guaranis, 947 - Centro, Tupã - SP, 17600-400;tupã
Laboratórios;BUSKCIPA;(14) 3495-1090;Av. Tapuias, 145 - Centro, Tupã - SP, 17600-260;tupã
Laboratórios;MedAgora - Clínica Medica - Tupã;(14) 3496-8686;R. Botocudos, 520 - Centro, Tupã - SP, 17600-030;tupã
Laboratórios;Santa Casa de Misericórdia de Tupã;(14) 3404-5555;R. Manoel Ferreira Damião, 426 - Vila Frias, Tupã - SP, 17601-901;tupã
Laboratórios;IRAD - Instituto de Radiologia;(14) 3496-5573;Av. Tamoios, 10 - Centro, Tupã - SP, 17601-000;tupã
Laboratórios;VNS Artes - Gráfica Rápida & Comunicação Visual;(14) 99744-0110;R. Borebis, 202 - Centro, Tupã - SP, 17600-300;tupã
Laboratórios;Clínica de Cardiologia Tupã;(14) 3441-6621;R. Cherentes, 981 - Centro, Tupã - SP, 17600-090;tupã
Laboratórios;Prolab Store;(14) 3496-1469;Av. Tamoios, 1142 - Centro, Tupã - SP, 17605-000;tupã
Laboratórios;Laboratório Drinks;(14) 3404-4100;R. Piratinins, 110 - Centro, Tupã - SP, 17600-430;tupã
Despachantes;Unidesp Despachante;(14) 3496-1691;R. Guaranis, 779 - Centro, Tupã - SP, 17600-400;tupã
Despachantes;BILLMAR DESPACHANTE;(14) 3496-3424;R. Caetés, 953 - Centro, Tupã - SP, 17600-410;tupã
Despachantes;DESPACHANTE TABAJARA &MM;(14) 3496-5919;Av. Tamoios, 473 - Centro, Tupã - SP, 17601-000;tupã
Seguradoras;J D Corretora de Seguros;(14) 3496-3126;Av. Tabajaras, 823 - Centro, Tupã - SP, 17600-360;tupã
Seguradoras;Tupã Corretora de Seguros S/C Ltda;(14) 3496-1164;R. Uapês, 135 - Centro, Tupã - SP, 17601-100;tupã
Seguradoras;Tupã Prev Corretora de Seguros;(14) 99703-4478;R. Potiguaras, 576 - Centro, Tupã - SP, 17601-080;tupã
Seguradoras;Milênio Corretora de Seguros;(14) 3441-4145;R. Guaianazes, 601 - Centro, Tupã - SP, 17601-130;tupã
Seguradoras;Lottus Corretora de Seguros;3441-4328;R. Cherentes, 250 - sala 53 - Centro, Tupã - SP, 17600-090;tupã
Seguradoras;Golfeto Seguros;(14) 3441-3331;R. Goitacazes, 1129 - Centro, Tupã - SP, 17601-100;tupã
Seguradoras;Alves e Rossi Corretora de Seguros;(14) 99784-7783;Sandro Seguros - R. Tupis, 177 - sala 2 - Centro, Tupã - SP, 17601-030;tupã
Seguradoras;As Américas Corretora de Seguros Ltda.;(14) 3441-4101;R. Carmini Corteline, s/nº - Vila Abarca, Tupã - SP, 17607-031;tupã
Seguradoras;Dionizio Seguros;(14) 98111-4088;R. Potiguaras, 576 - Sala 8 - Centro, Tupã - SP, 17601-080;tupã
Seguradoras;Assessoria Tupan DPVAT;(14) 99700-0293;R. Manoel Ferreira Damião, 567 - Vila Santa Terezinha, Tupã - SP, 17601-380;tupã
Seguradoras;VS Card Administradora de Cartões;(14) 3496-7001;R. Caetés, 820 - Vila Santa Inez, Tupã - SP, 17600-410;tupã
Seguradoras;Dunorte Truck Tupã;(14) 3496-1045;R. Aimorés, 2110 - Centro, Tupã - SP, 17607-020;tupã
Seguradoras;Ronildo Vicari;(14) 99621-9897;Praça da Bandeira - Centro, Tupã - SP, 17600-020;tupã
Seguradoras;Amendupã Produtos Alimentícios Ltda;(14) 3491-2021;Av. Tamoios, 852 - Centro, Tupã - SP, 17601-000;tupã
Seguradoras;JS Advocacia - Advocacia Especializada em Direito do Trabalho;(14) 99734-4010;R. Goitacazes, 333 - Centro, Tupã - SP, 17601-110;tupã
Seguradoras;JJ Advogados Associados;(14) 3441-2828;Av. Dr. Edu Teixeira de Mendonça, 575 - Jardim America, Tupã - SP, 17605-240;tupã
Seguradoras;Terminal Rodoviário Geraldo Seiscento;(14) 99104-8177;ao lado da CICAL - Rua Guaicurus, 28 - Vila Santa Clara, Tupã - SP, 17601-190;tupã
Gráficas;Gráfica e Editora Íris;(14) 3441-4277;Av. Tapuias, 127 - Centro, Tupã - SP, 17600-260;tupã
Gráficas;Gráfica Cingral;(14) 99831-5481;R. Tupis, 45 - Centro, Tupã - SP, 17601-030;tupã
Gráficas;PHR ADESIVOS;(14) 99888-1116;R. Tupinambaranas, 25 - Vila Tupa Mirim, Tupã - SP, 17600-270;tupã
Gráficas;Gráfica Ipiranga;(14) 3496-1160;Av. Tabajaras, 813 - Centro, Tupã - SP, 17600-360;tupã
Gráficas;Mari e Lu Papelaria Artesanal;(14) 99604-2830;R. José Geromini, 80 - Vila Formosa, Tupã - SP, 17603-390;tupã
Gráficas;Casa Das Cópias;(14) 99615-6832;R. Mandaguaris, 1159 - Vila Santa Amalia, Tupã - SP, 17600-050;tupã
Gráficas;GRAFICA PS ARTES;(14) 99673-5353;R. Rad. Armando Fonseca Agudo, 770 - Jardim Chacara Velini, Tupã - SP, 17602-735;tupã
Gráficas;Pi Publicidade;(14) 3491-3117;Av. Tamoios, 245 - Centro, Tupã - SP, 17601-000;tupã
Gráficas;Rv Print Comunicação Visual e Gráfica Rápida;(14) 3496-1324;R. Alfredo Modelli, 171 - Jardim Santo Antonio, Tupã - SP, 17603-160;tupã
Gráficas;WORLD PRINT COMUNICAÇÃO VISUAL;(14) 99874-1812;R. Caetés, 349 - Centro, Tupã - SP, 17600-430;tupã
Marcenarias;Ambiente e Cozinhas;(14) 99707-1292;R. Guaranis, 586 - Centro, Tupã - SP, 17600-400;tupã
Marcenarias;JL Móveis Planejados;(14) 99882-5735;Av. Lélio Pizza, 1057 - Vila Lahoz, Tupã - SP;tupã
Marcenarias;CL Projetados - Móveis Planejados sob Medida;(14) 99864-0991;R. Atílio Berni, 71 - Jardim Itaipu, Tupã - SP, 17602-482;tupã
Marcenarias;Móveis Triângulo;(14) 3491-6623;Av. Lélio Pizza, 1087 - Vila Tupa Mirim I, Tupã - SP, 17603-060;tupã
Marcenarias;Móveis nossa senhora Aparecida;(14) 3496-5994;17607-300, R. Melvin Jones, 464-524 - Jardim Ipiranga, Tupã - SP;tupã
Marcenarias;ALFER MÓVEIS PLANEJADOS;(14) 3496-3905;R. Zico Macorin, 275 - Parque das Nacoes, Tupã - SP, 17606-031;tupã
Marcenarias;Carrocerias Tupã;(14) 99677-4887;Av. José de Micheli Filho, 147 - Parque Ipiranga, Tupã - SP, 17602-030;tupã
Marcenarias;Valdir Moveis Planejados;(14) 99925-7461;R. Joaquim Abarca, 453 - Vila Giovanetti, Tupã - SP, 17600-450;tupã
Marcenarias;Cozinha e Cia | Móveis planejados;(14) 99813-8228;R. Miguel Gantus - Vila Viaduto, Tupã - SP, 17601-320;tupã
Marcenarias;Fábrica de Móveis IMPERIO;(14) 3496-5646;Av. Lélio Pizza, 1463 - Fredyville, Tupã - SP, 17603-060;tupã
Marcenarias;Lombardo - Móveis planejados;(14) 99822-2823;R. Marechal-do-Ar Eduardo Gomes, 605 - Jardim Cerejeiras, Tupã - SP, 17607-450;tupã
Marcenarias;Armazém do Rústico;(14) 99786-3282;R. Marília, 3530 - Jd. Casari, Tupã - SP, 17602-460;tupã
Marcenarias;R Monteiro Construções;(14) 3441-5898;R. Nhambiquaras, 959 - Jardim America, Tupã - SP, 17606-000;tupã
Marcenarias;Marcenaria 3 Irmãos;(14) 99627-5401;Estrada Vicinal Romão Lopes Martins Estrada, Tupã - SP, 17601-120;tupã
Marcenarias;Vicari & Santos Ltda;(14) 3496-4730;R. Anita Costa, 255 - Vila Vargas, Tupã - SP, 17605-190;tupã
Marcenarias;Espaço Único Móveis e Decor;(14) 98140-2668;Rua Guaicurus, 15 - Centro, Tupã - SP, 17601-190;tupã
Marcenarias;Cláudia Pimentel de Figueiredo;(14) 3491-3612;Av. Guerino Ferrari, 151 - Parque Industrial II, Tupã - SP, 17604-770;tupã
Vidraçarias;Temper Box - Tupã;(14) 3496-7606;R. Marília, 2831 - Santa Inês, Tupã - SP, 17603-340;tupã
Vidraçarias;Vidracaria Valmir Vidros;(14) 3441-4727;R. Aimorés, 2004 - Centro, Tupã - SP, 17600;tupã
Vidraçarias;ARQ. VIDROS - Vidraçaria;(14) 99860-6243;R. Marília, 3531 - Parque Ipiranga, Tupã - SP, 17602-580;tupã
Vidraçarias;Economica Vidros E Box Em Tupa;(14) 3496-6710;R. Guaianazes, 356 - Centro, Tupã - SP, 17601-130;tupã
Vidraçarias;Vidrotec;(14) 3441-1040;Rua: Potiguaras, 10 - Centro, Tupã - SP, 17600-110;tupã
Vidraçarias;Vidraçaria costa glass;(14) 99675-3528;R. Caetano Violante, 165 - Parque Ipanema, Tupã - SP, 17602-151;tupã
Vidraçarias;Vidracaria Vidrolux;(14) 99729-1577;R. Cherentes, 352 - Centro, Tupã - SP, 17600-090;tupã
Vidraçarias;DU GLASS Distribuidora Vidros;(14) 3441-1186;R. Brasil, 1425 - Jardim America, Tupã - SP, 17606-050;tupã
Vidraçarias;VIDROS REAL;(14) 99862-6814;R. Aimorés, 1109 - Centro, Tupã - SP, 17601-020;tupã
Serralherias;Serralheria Coloral;(14) 3441-4188;R. Caingangs, 60 - Vila Giovanetti, Tupã - SP, 17603-761;tupã
Serralherias;Serralheria Moderna;(14) 3441-3757;Av. Manoel Motta, 90 - Parque Dom Bosco, Tupã - SP, 17602-266;tupã
Serralherias;Serralheria Triângulo Tupã;(14) 3441-3744;Av. Lélio Pizza, 1040 - Centro, Tupã - SP, 17600-710;tupã
Serralherias;Serralheria Galvani;(14) 99602-4374;R. Tocantins, 608 - FD - Vila Espanha, Tupã - SP, 17601-060;tupã
Serralherias;Serralheria Lozano;(14) 99631-0208;R. Tupis, 530 - Centro, Tupã - SP, 17601-030;tupã
Serralherias;Serralheria Oliveira;(14) 99109-4108;R. Aimorés, 60 - Vila Abarca, Tupã - SP, 17601-020;tupã
Serralherias;Serralheria Sipriano Serralheria;(14) 99743-8050;R. Alm. Barroso, 880 - Vila Independencia, Tupã - SP, 17605-420;tupã
Serralherias;Serralheria São José;(14) 99856-0899;R. Irene Camargo Gomes, 360 - Vila Sao Jose, Tupã - SP, 17602-170;tupã
Serralherias;Serralheria Aço Forte;(14) 99836-6177;R. Aimorés, 1022 - Centro, Tupã - SP, 17601-020;tupã
Serralherias;Indústria e Comércio de Serralheria Tupã Ltda ME;(14) 3496-6428;R. Roberto Vicente Reis, 205 - Parque Industrial, Tupã - SP, 17606-361;tupã
Serralherias;Serralheria Paraná;(14) 3496-1216;R. Aimorés, 738 - Jardim Ipiranga, Tupã - SP, 17601-020;tupã
Serralherias;SERRALHERIA SÃO PAULO;(14) 99740-1496;R. Maria José Seixas Cunha, 42 - Parque das Nacoes, Tupã - SP, 17606-037;tupã
Lojas de Móveis;Formosa Móveis e Decorações;(14) 3441-4100;R. Marília, 3199 - Vila Santa Inez, Tupã - SP, 17603-340;tupã
Lojas de Móveis;Ambiente e Cozinhas;(14) 3404-1040;Av. Guerino Ferrari, 202 - Parque Industrial II, Tupã - SP, 17604-770;tupã
Lojas de Móveis;Saldão das Geladeiras;(14) 99828-2890;Av. José de Micheli Filho, 108 - Parque Ipiranga, Tupã - SP, 17602-030;tupã
Lojas de Móveis;Magazine Luiza;(14) 3404-4400;Av. Tamoios, 818 - Centro, Tupã - SP, 17601-000;tupã
Lojas de Móveis;Colchões Castor Tupã;(14) 91004-3222;R. Aimorés, 1455 - Centro, Tupã - SP, 17601-020;tupã
Lojas de Móveis;Auto revestimento e tapeçaria piazentin;(14) 99731-7248;R. Goitacazes, 138 - Centro, Tupã - SP, 17601-110;tupã
Lojas de Móveis;Loja Preço Baixo Tupã;(14) 99753-5964;R. Aimorés, 1191 - Vila Santa Clara, Tupã - SP, 17601-020;tupã
Lojas de Móveis;Tapeçaria Ibirapuera;(14) 99742-7405;R. José Maria García - Tupã, SP, 17602-130;tupã
Lojas de Móveis;Móveis Planejados J.A;(14) 3496-1753;R. Caetés, 495 - Centro, Tupã - SP, 17601-150;tupã
Lojas de Móveis;Casa Maddu;(14) 99112-6839;R. Caingangs, 404 - Centro, Tupã - SP, 17603-761;tupã
Lojas de Móveis;Casa Dona Vera;(14) 3491-4884;Av. Tamoios, 1337 - Centro, Tupã - SP, 17600-005;tupã
